date,asset,open,close,high,low,volume,source
2023-03-10,中证全债,224.1,224.1,224.1,224.1,,Archived course bond index series
2023-03-13,中证全债,224.22,224.22,224.22,224.22,,Archived course bond index series
2023-03-14,中证全债,224.25,224.25,224.25,224.25,,Archived course bond index series
2023-03-15,中证全债,224.3,224.3,224.3,224.3,,Archived course bond index series
2023-03-16,中证全债,224.34,224.34,224.34,224.34,,Archived course bond index series
2023-03-17,中证全债,224.49,224.49,224.49,224.49,,Archived course bond index series
2023-03-20,中证全债,224.63,224.63,224.63,224.63,,Archived course bond index series
2023-03-21,中证全债,224.58,224.58,224.58,224.58,,Archived course bond index series
2023-03-22,中证全债,224.71,224.71,224.71,224.71,,Archived course bond index series
2023-03-23,中证全债,224.76,224.76,224.76,224.76,,Archived course bond index series
2023-03-24,中证全债,224.7,224.7,224.7,224.7,,Archived course bond index series
2023-06-06,中证全债,226.42,226.42,226.42,226.42,,Archived course bond index series
2023-06-07,中证全债,226.48,226.48,226.48,226.48,,Archived course bond index series
2023-06-08,中证全债,226.52,226.52,226.52,226.52,,Archived course bond index series
2023-06-09,中证全债,226.55,226.55,226.55,226.55,,Archived course bond index series
2023-06-12,中证全债,226.61,226.61,226.61,226.61,,Archived course bond index series
2023-06-13,中证全债,226.82,226.82,226.82,226.82,,Archived course bond index series
2023-06-14,中证全债,226.9,226.9,226.9,226.9,,Archived course bond index series
2023-06-15,中证全债,226.94,226.94,226.94,226.94,,Archived course bond index series
2023-06-16,中证全债,226.88,226.88,226.88,226.88,,Archived course bond index series
2023-06-19,中证全债,226.96,226.96,226.96,226.96,,Archived course bond index series
2023-06-20,中证全债,227.02,227.02,227.02,227.02,,Archived course bond index series
2023-09-07,中证全债,229.18,229.18,229.18,229.18,,Archived course bond index series
2023-09-08,中证全债,229.2,229.2,229.2,229.2,,Archived course bond index series
2023-09-11,中证全债,229.17,229.17,229.17,229.17,,Archived course bond index series
2023-09-12,中证全债,229.24,229.24,229.24,229.24,,Archived course bond index series
2023-09-13,中证全债,229.28,229.28,229.28,229.28,,Archived course bond index series
2023-09-14,中证全债,229.42,229.42,229.42,229.42,,Archived course bond index series
2023-09-15,中证全债,229.56,229.56,229.56,229.56,,Archived course bond index series
2023-09-18,中证全债,229.61,229.61,229.61,229.61,,Archived course bond index series
2023-09-19,中证全债,229.57,229.57,229.57,229.57,,Archived course bond index series
2023-09-20,中证全债,229.63,229.63,229.63,229.63,,Archived course bond index series
2023-09-21,中证全债,229.66,229.66,229.66,229.66,,Archived course bond index series
2024-01-17,中证全债,232.65,232.65,232.65,232.65,,Archived course bond index series
2024-01-18,中证全债,232.72,232.72,232.72,232.72,,Archived course bond index series
2024-01-19,中证全债,232.81,232.81,232.81,232.81,,Archived course bond index series
2024-01-22,中证全债,232.88,232.88,232.88,232.88,,Archived course bond index series
2024-01-23,中证全债,232.91,232.91,232.91,232.91,,Archived course bond index series
2024-01-24,中证全债,233.24,233.24,233.24,233.24,,Archived course bond index series
2024-01-25,中证全债,233.38,233.38,233.38,233.38,,Archived course bond index series
2024-01-26,中证全债,233.42,233.42,233.42,233.42,,Archived course bond index series
2024-01-29,中证全债,233.51,233.51,233.51,233.51,,Archived course bond index series
2024-01-30,中证全债,233.56,233.56,233.56,233.56,,Archived course bond index series
2024-01-31,中证全债,233.6,233.6,233.6,233.6,,Archived course bond index series
2024-02-05,中证全债,233.88,233.88,233.88,233.88,,Archived course bond index series
2024-02-06,中证全债,233.94,233.94,233.94,233.94,,Archived course bond index series
2024-02-07,中证全债,234.02,234.02,234.02,234.02,,Archived course bond index series
2024-02-08,中证全债,234.1,234.1,234.1,234.1,,Archived course bond index series
2024-02-19,中证全债,234.25,234.25,234.25,234.25,,Archived course bond index series
2024-02-20,中证全债,234.39,234.39,234.39,234.39,,Archived course bond index series
2024-02-21,中证全债,234.44,234.44,234.44,234.44,,Archived course bond index series
2024-02-22,中证全债,234.46,234.46,234.46,234.46,,Archived course bond index series
2024-02-23,中证全债,234.52,234.52,234.52,234.52,,Archived course bond index series
2024-02-26,中证全债,234.49,234.49,234.49,234.49,,Archived course bond index series
2024-02-27,中证全债,234.55,234.55,234.55,234.55,,Archived course bond index series
2024-07-15,中证全债,238.16,238.16,238.16,238.16,,Archived course bond index series
2024-07-16,中证全债,238.2,238.2,238.2,238.2,,Archived course bond index series
2024-07-17,中证全债,238.22,238.22,238.22,238.22,,Archived course bond index series
2024-07-18,中证全债,238.26,238.26,238.26,238.26,,Archived course bond index series
2024-07-19,中证全债,238.31,238.31,238.31,238.31,,Archived course bond index series
2024-07-22,中证全债,238.55,238.55,238.55,238.55,,Archived course bond index series
2024-07-23,中证全债,238.62,238.62,238.62,238.62,,Archived course bond index series
2024-07-24,中证全债,238.68,238.68,238.68,238.68,,Archived course bond index series
2024-07-25,中证全债,238.73,238.73,238.73,238.73,,Archived course bond index series
2024-07-26,中证全债,238.75,238.75,238.75,238.75,,Archived course bond index series
2024-07-29,中证全债,238.8,238.8,238.8,238.8,,Archived course bond index series
2024-09-18,中证全债,241.02,241.02,241.02,241.02,,Archived course bond index series
2024-09-19,中证全债,241.05,241.05,241.05,241.05,,Archived course bond index series
2024-09-20,中证全债,241.09,241.09,241.09,241.09,,Archived course bond index series
2024-09-23,中证全债,241.12,241.12,241.12,241.12,,Archived course bond index series
2024-09-24,中证全债,241.3,241.3,241.3,241.3,,Archived course bond index series
2024-09-25,中证全债,241.22,241.22,241.22,241.22,,Archived course bond index series
2024-09-26,中证全债,241.18,241.18,241.18,241.18,,Archived course bond index series
2024-09-27,中证全债,241.11,241.11,241.11,241.11,,Archived course bond index series
2024-09-30,中证全债,240.92,240.92,240.92,240.92,,Archived course bond index series
2024-10-08,中证全债,240.98,240.98,240.98,240.98,,Archived course bond index series
2024-10-09,中证全债,241.04,241.04,241.04,241.04,,Archived course bond index series
2024-10-14,中证全债,241.31,241.31,241.31,241.31,,Archived course bond index series
2024-10-15,中证全债,241.37,241.37,241.37,241.37,,Archived course bond index series
2024-10-16,中证全债,241.43,241.43,241.43,241.43,,Archived course bond index series
2024-10-17,中证全债,241.46,241.46,241.46,241.46,,Archived course bond index series
2024-10-18,中证全债,241.5,241.5,241.5,241.5,,Archived course bond index series
2024-10-21,中证全债,241.7,241.7,241.7,241.7,,Archived course bond index series
2024-10-22,中证全债,241.74,241.74,241.74,241.74,,Archived course bond index series
2024-10-23,中证全债,241.78,241.78,241.78,241.78,,Archived course bond index series
2024-10-24,中证全债,241.82,241.82,241.82,241.82,,Archived course bond index series
2024-10-25,中证全债,241.8,241.8,241.8,241.8,,Archived course bond index series
2024-10-28,中证全债,241.86,241.86,241.86,241.86,,Archived course bond index series
2025-04-29,中证全债,246.15,246.15,246.15,246.15,,Archived course bond index series
2025-04-30,中证全债,246.21,246.21,246.21,246.21,,Archived course bond index series
2025-05-06,中证全债,246.31,246.31,246.31,246.31,,Archived course bond index series
2025-05-07,中证全债,246.56,246.56,246.56,246.56,,Archived course bond index series
2025-05-08,中证全债,246.66,246.66,246.66,246.66,,Archived course bond index series
2025-05-09,中证全债,246.71,246.71,246.71,246.71,,Archived course bond index series
2025-05-12,中证全债,246.75,246.75,246.75,246.75,,Archived course bond index series
2025-05-13,中证全债,246.72,246.72,246.72,246.72,,Archived course bond index series
2025-05-14,中证全债,246.78,246.78,246.78,246.78,,Archived course bond index series
2025-05-15,中证全债,246.82,246.82,246.82,246.82,,Archived course bond index series
2025-05-16,中证全债,246.8,246.8,246.8,246.8,,Archived course bond index series
2023-01-03,沪深300,3864.84,3887.9,3893.99,3831.25,115051875.0,Tencent qfq daily kline
2023-01-04,沪深300,3886.25,3892.95,3905.9,3873.65,110660743.0,Tencent qfq daily kline
2023-01-05,沪深300,3913.49,3968.58,3974.88,3912.26,116502395.0,Tencent qfq daily kline
2023-01-06,沪深300,3969.55,3980.89,4000.41,3966.47,110953038.0,Tencent qfq daily kline
2023-01-09,沪深300,3998.53,4013.12,4023.09,3990.71,117054425.0,Tencent qfq daily kline
2023-01-10,沪深300,4014.71,4017.47,4030.46,4002.23,101751141.0,Tencent qfq daily kline
2023-01-11,沪深300,4019.88,4010.03,4043.4,4008.02,99997889.0,Tencent qfq daily kline
2023-01-12,沪深300,4021.75,4017.87,4030.29,4003.51,90552627.0,Tencent qfq daily kline
2023-01-13,沪深300,4032.29,4074.38,4074.38,4027.89,95871896.0,Tencent qfq daily kline
2023-01-16,沪深300,4077.88,4137.96,4177.1,4076.64,151395455.0,Tencent qfq daily kline
2023-01-17,沪深300,4138.84,4137.24,4148.58,4118.16,95479040.0,Tencent qfq daily kline
2023-01-18,沪深300,4140.1,4130.31,4151.46,4125.77,84200645.0,Tencent qfq daily kline
2023-01-19,沪深300,4125.58,4156.01,4156.01,4105.98,94608398.0,Tencent qfq daily kline
2023-01-20,沪深300,4166.84,4181.53,4189.83,4161.67,123553809.0,Tencent qfq daily kline
2023-01-30,沪深300,4267.62,4201.35,4268.15,4197.86,164607064.0,Tencent qfq daily kline
2023-01-31,沪深300,4200.58,4156.86,4212.73,4153.05,124550835.0,Tencent qfq daily kline
2023-02-01,沪深300,4170.13,4195.93,4195.93,4137.77,141008954.0,Tencent qfq daily kline
2023-02-02,沪深300,4207.41,4181.15,4207.41,4170.56,133823736.0,Tencent qfq daily kline
2023-02-03,沪深300,4162.03,4141.63,4162.03,4103.17,117041221.0,Tencent qfq daily kline
2023-02-06,沪深300,4103.83,4086.88,4105.94,4065.22,110192717.0,Tencent qfq daily kline
2023-02-07,沪深300,4098.31,4094.23,4107.34,4077.96,91360072.0,Tencent qfq daily kline
2023-02-08,沪深300,4099.86,4076.14,4111.47,4072.65,84786099.0,Tencent qfq daily kline
2023-02-09,沪深300,4067.56,4130.86,4130.86,4064.75,102289961.0,Tencent qfq daily kline
2023-02-10,沪深300,4124.1,4106.31,4125.29,4092.35,96716733.0,Tencent qfq daily kline
2023-02-13,沪深300,4098.88,4143.57,4146.45,4092.27,128892577.0,Tencent qfq daily kline
2023-02-14,沪深300,4151.25,4145.29,4152.05,4125.26,102499890.0,Tencent qfq daily kline
2023-02-15,沪深300,4146.85,4123.69,4153.72,4115.97,121664508.0,Tencent qfq daily kline
2023-02-16,沪深300,4125.41,4093.49,4167.9,4068.86,159310585.0,Tencent qfq daily kline
2023-02-17,沪深300,4086.22,4034.51,4104.64,4032.93,116142589.0,Tencent qfq daily kline
2023-02-20,沪深300,4039.96,4133.49,4134.86,4035.48,161794481.0,Tencent qfq daily kline
2023-02-21,沪深300,4130.06,4144.35,4151.8,4116.27,145776173.0,Tencent qfq daily kline
2023-02-22,沪深300,4118.97,4106.95,4134.88,4101.86,104290295.0,Tencent qfq daily kline
2023-02-23,沪深300,4106.21,4103.65,4132.39,4088.21,103564906.0,Tencent qfq daily kline
2023-02-24,沪深300,4100.99,4061.05,4102.61,4048.24,100989425.0,Tencent qfq daily kline
2023-02-27,沪深300,4040.46,4043.84,4067.03,4034.52,93787630.0,Tencent qfq daily kline
2023-02-28,沪深300,4058.13,4069.46,4074.26,4026.45,110323591.0,Tencent qfq daily kline
2023-03-01,沪深300,4068.73,4126.94,4135.48,4061.22,156015794.0,Tencent qfq daily kline
2023-03-02,沪深300,4119.99,4117.74,4137.25,4113.83,148217637.0,Tencent qfq daily kline
2023-03-03,沪深300,4126.02,4130.55,4135.21,4100.38,160331741.0,Tencent qfq daily kline
2023-03-06,沪深300,4131.15,4109.01,4132.84,4088.45,162971807.0,Tencent qfq daily kline
2023-03-07,沪深300,4103.64,4048.85,4124.96,4046.57,195912068.0,Tencent qfq daily kline
2023-03-08,沪深300,4030.74,4034.11,4037.29,4011.52,117936493.0,Tencent qfq daily kline
2023-03-09,沪深300,4035.84,4019.85,4043.85,4000.89,116539629.0,Tencent qfq daily kline
2023-03-10,沪深300,3991.8,3967.14,4004.36,3966.43,123855409.0,Tencent qfq daily kline
2023-03-13,沪深300,3962.64,4008.69,4008.69,3962.64,143561370.0,Tencent qfq daily kline
2023-03-14,沪深300,3999.88,3984.7,4001.94,3946.94,150544174.0,Tencent qfq daily kline
2023-03-15,沪深300,4011.84,3986.9,4018.75,3986.9,142026007.0,Tencent qfq daily kline
2023-03-16,沪深300,3958.2,3939.15,3981.32,3936.48,152515644.0,Tencent qfq daily kline
2023-03-17,沪深300,3971.16,3958.82,4004.22,3945.25,177433818.0,Tencent qfq daily kline
2023-03-20,沪深300,3962.66,3939.08,3979.55,3935.02,205264970.0,Tencent qfq daily kline
2023-03-21,沪深300,3948.16,3982.38,3982.7,3948.16,145090679.0,Tencent qfq daily kline
2023-03-22,沪深300,3993.78,3999.44,4016.45,3986.71,149228970.0,Tencent qfq daily kline
2023-03-23,沪深300,3985.99,4039.09,4039.09,3984.0,158887421.0,Tencent qfq daily kline
2023-03-24,沪深300,4035.16,4027.05,4037.84,4017.0,159442330.0,Tencent qfq daily kline
2023-03-27,沪深300,4023.3,4012.48,4023.3,3987.03,168482279.0,Tencent qfq daily kline
2023-03-28,沪深300,4015.7,3999.51,4023.78,3994.6,131895117.0,Tencent qfq daily kline
2023-03-29,沪深300,4013.59,4006.14,4017.76,3992.67,133743510.0,Tencent qfq daily kline
2023-03-30,沪深300,4009.56,4038.53,4040.5,3983.9,149901037.0,Tencent qfq daily kline
2023-03-31,沪深300,4045.45,4050.93,4063.57,4039.96,138842546.0,Tencent qfq daily kline
2023-04-03,沪深300,4059.62,4090.57,4094.94,4059.06,182124313.0,Tencent qfq daily kline
2023-04-04,沪深300,4089.29,4103.11,4103.16,4080.07,197146631.0,Tencent qfq daily kline
2023-04-06,沪深300,4084.13,4096.64,4098.83,4078.4,150703374.0,Tencent qfq daily kline
2023-04-07,沪深300,4096.9,4123.28,4131.31,4092.18,128676738.0,Tencent qfq daily kline
2023-04-10,沪深300,4132.01,4104.81,4132.3,4099.05,152453002.0,Tencent qfq daily kline
2023-04-11,沪深300,4108.51,4100.15,4116.12,4083.49,153901333.0,Tencent qfq daily kline
2023-04-12,沪深300,4102.4,4097.29,4108.25,4090.28,165965278.0,Tencent qfq daily kline
2023-04-13,沪深300,4081.39,4068.98,4088.88,4059.57,156444295.0,Tencent qfq daily kline
2023-04-14,沪深300,4078.97,4092.0,4098.22,4075.2,150695682.0,Tencent qfq daily kline
2023-04-17,沪深300,4090.07,4149.38,4149.38,4089.51,188773095.0,Tencent qfq daily kline
2023-04-18,沪深300,4139.31,4162.03,4169.67,4138.46,170184130.0,Tencent qfq daily kline
2023-04-19,沪深300,4159.39,4124.56,4159.39,4118.63,162554592.0,Tencent qfq daily kline
2023-04-20,沪深300,4122.95,4113.02,4125.82,4094.0,162706677.0,Tencent qfq daily kline
2023-04-21,沪深300,4114.26,4032.57,4114.26,4031.91,180802435.0,Tencent qfq daily kline
2023-04-24,沪深300,4031.3,3982.64,4033.64,3967.91,170099217.0,Tencent qfq daily kline
2023-04-25,沪深300,3985.11,3962.67,3991.69,3925.44,172555409.0,Tencent qfq daily kline
2023-04-26,沪深300,3950.26,3959.23,3975.66,3934.66,162702006.0,Tencent qfq daily kline
2023-04-27,沪深300,3948.03,3988.42,3999.13,3942.82,153828195.0,Tencent qfq daily kline
2023-04-28,沪深300,3993.26,4029.09,4030.45,3993.26,179508488.0,Tencent qfq daily kline
2023-05-04,沪深300,4013.47,4030.25,4035.78,4001.13,227582846.0,Tencent qfq daily kline
2023-05-05,沪深300,4031.09,4016.88,4047.6,3998.39,206626924.0,Tencent qfq daily kline
2023-05-08,沪深300,4028.11,4062.66,4070.77,4018.96,255583085.0,Tencent qfq daily kline
2023-05-09,沪深300,4065.44,4027.88,4092.85,4026.39,279306048.0,Tencent qfq daily kline
2023-05-10,沪深300,4017.94,3996.87,4019.06,3984.63,207552709.0,Tencent qfq daily kline
2023-05-11,沪深300,4005.78,3990.66,4018.06,3988.48,144804619.0,Tencent qfq daily kline
2023-05-12,沪深300,3987.77,3937.76,3999.38,3937.53,144421728.0,Tencent qfq daily kline
2023-05-15,沪深300,3938.83,3998.89,3998.89,3923.03,176257362.0,Tencent qfq daily kline
2023-05-16,沪深300,4002.52,3978.21,4005.02,3966.99,136833271.0,Tencent qfq daily kline
2023-05-17,沪深300,3971.7,3960.17,3982.6,3945.71,118448185.0,Tencent qfq daily kline
2023-05-18,沪深300,3965.52,3956.07,3982.72,3939.55,136533947.0,Tencent qfq daily kline
2023-05-19,沪深300,3946.22,3944.54,3967.28,3928.32,120212479.0,Tencent qfq daily kline
2023-05-22,沪深300,3941.0,3969.33,3985.4,3935.8,109116605.0,Tencent qfq daily kline
2023-05-23,沪深300,3968.23,3913.19,3971.94,3913.19,118685077.0,Tencent qfq daily kline
2023-05-24,沪深300,3903.78,3859.09,3903.78,3859.09,137258265.0,Tencent qfq daily kline
2023-05-25,沪深300,3851.41,3850.5,3861.38,3817.84,124150770.0,Tencent qfq daily kline
2023-05-26,沪深300,3848.42,3850.95,3859.63,3815.57,100326439.0,Tencent qfq daily kline
2023-05-29,沪深300,3862.08,3833.94,3866.72,3819.18,131859967.0,Tencent qfq daily kline
2023-05-30,沪深300,3827.79,3837.75,3844.01,3789.27,137619629.0,Tencent qfq daily kline
2023-05-31,沪深300,3827.16,3798.54,3827.16,3781.4,126387368.0,Tencent qfq daily kline
2023-06-01,沪深300,3788.59,3806.87,3832.21,3786.73,134561881.0,Tencent qfq daily kline
2023-06-02,沪深300,3821.62,3861.83,3865.28,3821.62,125015110.0,Tencent qfq daily kline
2023-06-05,沪深300,3860.56,3844.25,3860.56,3832.46,116163989.0,Tencent qfq daily kline
2023-06-06,沪深300,3840.46,3808.16,3867.85,3802.84,125781258.0,Tencent qfq daily kline
2023-06-07,沪深300,3815.48,3789.34,3823.11,3780.1,98862432.0,Tencent qfq daily kline
2023-06-08,沪深300,3791.08,3820.19,3834.39,3777.78,118700934.0,Tencent qfq daily kline
2023-06-09,沪深300,3822.41,3836.7,3836.7,3811.22,134319863.0,Tencent qfq daily kline
2023-06-12,沪深300,3827.33,3844.43,3859.72,3813.86,126758543.0,Tencent qfq daily kline
2023-06-13,沪深300,3838.13,3864.91,3867.3,3833.46,110924946.0,Tencent qfq daily kline
2023-06-14,沪深300,3872.72,3864.02,3891.67,3862.06,124955759.0,Tencent qfq daily kline
2023-06-15,沪深300,3871.77,3925.5,3925.5,3871.77,128369938.0,Tencent qfq daily kline
2023-06-16,沪深300,3932.21,3963.35,3968.01,3928.54,139760076.0,Tencent qfq daily kline
2023-06-19,沪深300,3957.03,3930.91,3957.03,3922.47,134905848.0,Tencent qfq daily kline
2023-06-20,沪深300,3926.09,3924.24,3937.49,3918.47,122520318.0,Tencent qfq daily kline
2023-06-21,沪深300,3909.1,3864.03,3920.13,3864.03,118346575.0,Tencent qfq daily kline
2023-06-26,沪深300,3833.44,3809.7,3841.29,3801.05,133990419.0,Tencent qfq daily kline
2023-06-27,沪深300,3811.69,3845.43,3851.9,3806.32,116992681.0,Tencent qfq daily kline
2023-06-28,沪深300,3836.61,3840.8,3846.85,3808.16,107021541.0,Tencent qfq daily kline
2023-06-29,沪深300,3836.73,3821.84,3840.71,3817.38,98289274.0,Tencent qfq daily kline
2023-06-30,沪深300,3816.33,3842.45,3860.03,3813.55,101268429.0,Tencent qfq daily kline
2023-07-03,沪深300,3853.29,3892.88,3897.33,3853.29,133158051.0,Tencent qfq daily kline
2023-07-04,沪深300,3888.03,3899.01,3899.98,3878.4,109494527.0,Tencent qfq daily kline
2023-07-05,沪深300,3895.19,3868.81,3899.52,3864.13,97636384.0,Tencent qfq daily kline
2023-07-06,沪深300,3857.03,3842.75,3876.89,3836.46,100121842.0,Tencent qfq daily kline
2023-07-07,沪深300,3831.6,3825.7,3844.84,3819.08,100906920.0,Tencent qfq daily kline
2023-07-10,沪深300,3841.56,3844.33,3865.46,3831.92,92033441.0,Tencent qfq daily kline
2023-07-11,沪深300,3853.8,3869.49,3870.65,3844.52,86510716.0,Tencent qfq daily kline
2023-07-12,沪深300,3864.6,3843.44,3874.04,3838.56,111522024.0,Tencent qfq daily kline
2023-07-13,沪深300,3855.66,3898.42,3901.1,3855.66,120300232.0,Tencent qfq daily kline
2023-07-14,沪深300,3904.6,3899.1,3908.49,3893.79,122364846.0,Tencent qfq daily kline
2023-07-17,沪深300,3881.62,3867.17,3881.62,3852.26,98340144.0,Tencent qfq daily kline
2023-07-18,沪深300,3871.04,3854.94,3871.04,3844.51,91438615.0,Tencent qfq daily kline
2023-07-19,沪深300,3848.48,3850.87,3860.01,3830.41,79585700.0,Tencent qfq daily kline
2023-07-20,沪深300,3857.77,3823.69,3875.62,3818.71,92042076.0,Tencent qfq daily kline
2023-07-21,沪深300,3816.98,3821.91,3849.51,3808.8,79507563.0,Tencent qfq daily kline
2023-07-24,沪深300,3803.35,3805.22,3828.79,3798.8,75483545.0,Tencent qfq daily kline
2023-07-25,沪深300,3866.64,3915.12,3915.81,3866.64,163066320.0,Tencent qfq daily kline
2023-07-26,沪深300,3908.17,3907.01,3912.98,3893.4,107881717.0,Tencent qfq daily kline
2023-07-27,沪深300,3914.23,3902.35,3935.36,3894.69,110667109.0,Tencent qfq daily kline
2023-07-28,沪深300,3889.79,3992.74,4000.92,3886.55,179735481.0,Tencent qfq daily kline
2023-07-31,沪深300,4018.89,4014.63,4064.36,4002.08,199606830.0,Tencent qfq daily kline
2023-08-01,沪深300,4009.18,3998.0,4031.7,3983.03,142286859.0,Tencent qfq daily kline
2023-08-02,沪深300,3985.7,3969.9,4008.33,3958.51,125855690.0,Tencent qfq daily kline
2023-08-03,沪深300,3962.13,4004.98,4005.0,3962.13,129006640.0,Tencent qfq daily kline
2023-08-04,沪深300,4033.72,4020.58,4058.24,4011.62,178267189.0,Tencent qfq daily kline
2023-08-07,沪深300,4002.97,3990.15,4002.97,3977.02,121310662.0,Tencent qfq daily kline
2023-08-08,沪深300,3980.04,3979.73,4002.29,3963.46,109871699.0,Tencent qfq daily kline
2023-08-09,沪深300,3967.36,3967.57,3982.11,3961.84,94640269.0,Tencent qfq daily kline
2023-08-10,沪深300,3962.86,3975.72,3976.46,3945.39,97176849.0,Tencent qfq daily kline
2023-08-11,沪深300,3977.98,3884.25,3977.98,3884.25,126082931.0,Tencent qfq daily kline
2023-08-14,沪深300,3840.89,3855.91,3859.47,3814.07,115966336.0,Tencent qfq daily kline
2023-08-15,沪深300,3858.37,3846.54,3865.28,3811.68,103097111.0,Tencent qfq daily kline
2023-08-16,沪深300,3830.83,3818.33,3852.42,3817.63,94616946.0,Tencent qfq daily kline
2023-08-17,沪深300,3801.2,3831.1,3836.15,3782.5,98415493.0,Tencent qfq daily kline
2023-08-18,沪深300,3832.46,3784.0,3844.2,3784.0,95549638.0,Tencent qfq daily kline
2023-08-21,沪深300,3773.23,3729.56,3782.11,3729.56,98708369.0,Tencent qfq daily kline
2023-08-22,沪深300,3748.07,3758.23,3770.06,3704.68,120318327.0,Tencent qfq daily kline
2023-08-23,沪深300,3751.77,3696.63,3756.17,3695.03,97081638.0,Tencent qfq daily kline
2023-08-24,沪深300,3711.54,3723.43,3748.86,3701.57,119614521.0,Tencent qfq daily kline
2023-08-25,沪深300,3703.51,3709.15,3734.22,3695.84,105182610.0,Tencent qfq daily kline
2023-08-28,沪深300,3911.55,3752.62,3911.55,3740.53,197990379.0,Tencent qfq daily kline
2023-08-29,沪深300,3743.05,3790.11,3810.38,3742.08,152486146.0,Tencent qfq daily kline
2023-08-30,沪深300,3803.12,3788.51,3813.7,3780.24,129671661.0,Tencent qfq daily kline
2023-08-31,沪深300,3786.93,3765.27,3794.0,3762.0,118961646.0,Tencent qfq daily kline
2023-09-01,沪深300,3778.91,3791.49,3808.53,3778.91,105319045.0,Tencent qfq daily kline
2023-09-04,沪深300,3812.99,3848.95,3854.26,3804.59,142385201.0,Tencent qfq daily kline
2023-09-05,沪深300,3839.58,3820.32,3839.58,3814.33,104052333.0,Tencent qfq daily kline
2023-09-06,沪深300,3808.1,3812.03,3817.52,3790.89,93442393.0,Tencent qfq daily kline
2023-09-07,沪深300,3802.23,3758.47,3802.23,3756.85,95103903.0,Tencent qfq daily kline
2023-09-08,沪深300,3747.65,3739.99,3753.26,3724.99,71638166.0,Tencent qfq daily kline
2023-09-11,沪深300,3740.58,3767.54,3788.32,3734.72,105358016.0,Tencent qfq daily kline
2023-09-12,沪深300,3764.33,3760.6,3775.09,3755.42,79385378.0,Tencent qfq daily kline
2023-09-13,沪深300,3759.61,3736.65,3768.82,3719.11,81576901.0,Tencent qfq daily kline
2023-09-14,沪深300,3736.94,3733.51,3748.82,3717.31,100386075.0,Tencent qfq daily kline
2023-09-15,沪深300,3740.79,3708.78,3749.02,3699.38,109395689.0,Tencent qfq daily kline
2023-09-18,沪深300,3698.93,3727.71,3737.53,3691.11,86727741.0,Tencent qfq daily kline
2023-09-19,沪深300,3723.42,3720.5,3724.07,3702.69,83199038.0,Tencent qfq daily kline
2023-09-20,沪深300,3715.96,3705.69,3718.52,3705.13,75448209.0,Tencent qfq daily kline
2023-09-21,沪深300,3698.31,3672.44,3708.46,3672.44,83031005.0,Tencent qfq daily kline
2023-09-22,沪深300,3672.64,3738.93,3740.42,3664.77,110231166.0,Tencent qfq daily kline
2023-09-25,沪深300,3738.06,3714.6,3738.06,3711.2,92596479.0,Tencent qfq daily kline
2023-09-26,沪深300,3711.71,3692.89,3723.85,3692.62,78044525.0,Tencent qfq daily kline
2023-09-27,沪深300,3694.96,3700.5,3731.14,3694.39,91629210.0,Tencent qfq daily kline
2023-09-28,沪深300,3711.21,3689.52,3716.06,3685.3,85221719.0,Tencent qfq daily kline
2023-10-09,沪深300,3678.93,3684.73,3694.17,3642.0,102148058.0,Tencent qfq daily kline
2023-10-10,沪深300,3696.25,3657.13,3701.26,3655.59,99163730.0,Tencent qfq daily kline
2023-10-11,沪深300,3674.75,3667.55,3689.53,3658.36,102091587.0,Tencent qfq daily kline
2023-10-12,沪深300,3697.93,3702.38,3711.5,3682.84,114363225.0,Tencent qfq daily kline
2023-10-13,沪深300,3677.96,3663.41,3678.19,3652.31,98287987.0,Tencent qfq daily kline
2023-10-16,沪深300,3664.04,3626.6,3664.04,3615.77,91853118.0,Tencent qfq daily kline
2023-10-17,沪深300,3635.3,3639.4,3645.57,3619.13,90745188.0,Tencent qfq daily kline
2023-10-18,沪深300,3631.07,3610.58,3632.06,3608.98,94545879.0,Tencent qfq daily kline
2023-10-19,沪深300,3588.52,3533.54,3588.52,3532.31,111737520.0,Tencent qfq daily kline
2023-10-20,沪深300,3518.35,3510.59,3535.66,3501.73,98518605.0,Tencent qfq daily kline
2023-10-23,沪深300,3500.2,3474.24,3505.35,3450.65,96561652.0,Tencent qfq daily kline
2023-10-24,沪深300,3481.76,3487.13,3495.0,3453.1,115547289.0,Tencent qfq daily kline
2023-10-25,沪深300,3524.3,3504.46,3531.83,3500.92,128009617.0,Tencent qfq daily kline
2023-10-26,沪深300,3484.78,3514.14,3515.57,3478.05,105143566.0,Tencent qfq daily kline
2023-10-27,沪深300,3501.17,3562.39,3576.59,3494.55,120225108.0,Tencent qfq daily kline
2023-10-30,沪深300,3554.11,3583.77,3592.72,3554.02,144010426.0,Tencent qfq daily kline
2023-10-31,沪深300,3581.68,3572.51,3581.68,3554.58,112587267.0,Tencent qfq daily kline
2023-11-01,沪深300,3605.76,3571.03,3606.41,3564.64,97645538.0,Tencent qfq daily kline
2023-11-02,沪深300,3580.07,3554.19,3597.17,3553.74,90359643.0,Tencent qfq daily kline
2023-11-03,沪深300,3558.53,3584.14,3596.1,3558.53,97542101.0,Tencent qfq daily kline
2023-11-06,沪深300,3608.32,3632.61,3635.79,3600.63,152982463.0,Tencent qfq daily kline
2023-11-07,沪深300,3623.78,3619.76,3628.46,3606.3,110288591.0,Tencent qfq daily kline
2023-11-08,沪深300,3610.64,3611.07,3627.05,3591.82,110594230.0,Tencent qfq daily kline
2023-11-09,沪深300,3603.11,3612.83,3624.41,3601.37,111872057.0,Tencent qfq daily kline
2023-11-10,沪深300,3596.07,3586.49,3599.45,3576.1,102107034.0,Tencent qfq daily kline
2023-11-13,沪深300,3593.91,3579.41,3599.39,3562.77,96707649.0,Tencent qfq daily kline
2023-11-14,沪深300,3581.1,3582.06,3600.15,3568.88,100884158.0,Tencent qfq daily kline
2023-11-15,沪深300,3616.88,3607.25,3620.6,3596.92,104929218.0,Tencent qfq daily kline
2023-11-16,沪深300,3600.98,3572.36,3605.29,3572.36,87464780.0,Tencent qfq daily kline
2023-11-17,沪深300,3561.31,3568.07,3573.68,3547.03,87319207.0,Tencent qfq daily kline
2023-11-20,沪深300,3569.73,3576.32,3586.97,3545.1,91080445.0,Tencent qfq daily kline
2023-11-21,沪深300,3587.88,3581.07,3615.06,3575.68,108594314.0,Tencent qfq daily kline
2023-11-22,沪深300,3569.44,3544.42,3574.38,3544.42,84784381.0,Tencent qfq daily kline
2023-11-23,沪深300,3541.44,3561.52,3562.07,3529.94,84800167.0,Tencent qfq daily kline
2023-11-24,沪深300,3560.65,3538.01,3560.65,3534.0,85018403.0,Tencent qfq daily kline
2023-11-27,沪深300,3534.44,3511.94,3534.44,3492.86,99102314.0,Tencent qfq daily kline
2023-11-28,沪深300,3510.66,3518.52,3521.05,3501.11,89335789.0,Tencent qfq daily kline
2023-11-29,沪深300,3518.88,3488.31,3519.2,3482.24,98841412.0,Tencent qfq daily kline
2023-11-30,沪深300,3485.52,3496.2,3505.13,3481.45,101350820.0,Tencent qfq daily kline
2023-12-01,沪深300,3494.22,3482.88,3494.22,3452.17,108530941.0,Tencent qfq daily kline
2023-12-04,沪深300,3481.04,3460.14,3488.13,3459.61,97156826.0,Tencent qfq daily kline
2023-12-05,沪深300,3450.09,3394.26,3450.09,3393.81,100472007.0,Tencent qfq daily kline
2023-12-06,沪深300,3387.88,3399.6,3420.28,3382.95,105805519.0,Tencent qfq daily kline
2023-12-07,沪深300,3394.31,3391.28,3404.41,3369.77,97713248.0,Tencent qfq daily kline
2023-12-08,沪深300,3391.86,3399.46,3409.38,3383.45,129522054.0,Tencent qfq daily kline
2023-12-11,沪深300,3378.05,3419.45,3426.61,3346.89,139626249.0,Tencent qfq daily kline
2023-12-12,沪深300,3410.0,3426.8,3427.55,3406.1,105590013.0,Tencent qfq daily kline
2023-12-13,沪深300,3418.64,3369.61,3418.64,3369.61,95285367.0,Tencent qfq daily kline
2023-12-14,沪深300,3387.38,3351.96,3399.14,3350.76,83655135.0,Tencent qfq daily kline
2023-12-15,沪深300,3365.94,3341.55,3388.5,3339.52,97787783.0,Tencent qfq daily kline
2023-12-18,沪深300,3329.19,3329.37,3352.35,3314.91,90526826.0,Tencent qfq daily kline
2023-12-19,沪深300,3325.66,3334.04,3345.78,3313.19,83808118.0,Tencent qfq daily kline
2023-12-20,沪深300,3334.33,3297.5,3338.54,3297.37,92412868.0,Tencent qfq daily kline
2023-12-21,沪深300,3285.6,3330.87,3339.36,3283.99,102546198.0,Tencent qfq daily kline
2023-12-22,沪深300,3329.47,3337.23,3359.06,3315.9,105220133.0,Tencent qfq daily kline
2023-12-25,沪深300,3330.33,3347.45,3348.88,3330.33,74542693.0,Tencent qfq daily kline
2023-12-26,沪深300,3345.4,3324.79,3345.42,3315.94,74732935.0,Tencent qfq daily kline
2023-12-27,沪深300,3326.93,3336.36,3341.27,3309.67,94403928.0,Tencent qfq daily kline
2023-12-28,沪深300,3335.56,3414.54,3423.4,3331.21,148064851.0,Tencent qfq daily kline
2023-12-29,沪深300,3411.11,3431.11,3432.54,3409.58,114928932.0,Tencent qfq daily kline
2024-01-02,沪深300,3426.27,3386.35,3426.27,3386.35,116180726.0,Tencent qfq daily kline
2024-01-03,沪深300,3379.75,3378.3,3392.85,3362.66,105613851.0,Tencent qfq daily kline
2024-01-04,沪深300,3375.02,3347.05,3375.02,3323.86,106721013.0,Tencent qfq daily kline
2024-01-05,沪深300,3341.31,3329.11,3372.54,3313.55,126400574.0,Tencent qfq daily kline
2024-01-08,沪深300,3322.61,3286.06,3333.52,3283.34,117429485.0,Tencent qfq daily kline
2024-01-09,沪深300,3286.71,3292.5,3304.6,3273.84,109330465.0,Tencent qfq daily kline
2024-01-10,沪深300,3281.67,3277.13,3312.92,3268.25,94199366.0,Tencent qfq daily kline
2024-01-11,沪深300,3275.31,3295.67,3311.11,3266.79,108789735.0,Tencent qfq daily kline
2024-01-12,沪深300,3284.36,3284.17,3310.47,3279.7,96853555.0,Tencent qfq daily kline
2024-01-15,沪深300,3270.1,3280.92,3306.92,3261.27,88851530.0,Tencent qfq daily kline
2024-01-16,沪深300,3272.57,3300.88,3300.88,3260.44,113276665.0,Tencent qfq daily kline
2024-01-17,沪深300,3291.14,3229.08,3291.14,3229.08,108769728.0,Tencent qfq daily kline
2024-01-18,沪深300,3214.28,3274.73,3279.25,3171.63,174909168.0,Tencent qfq daily kline
2024-01-19,沪深300,3261.24,3269.78,3286.94,3251.81,118501408.0,Tencent qfq daily kline
2024-01-22,沪深300,3262.47,3218.9,3281.42,3193.18,148705628.0,Tencent qfq daily kline
2024-01-23,沪深300,3208.43,3231.93,3249.53,3188.13,122012000.0,Tencent qfq daily kline
2024-01-24,沪深300,3245.96,3277.11,3281.49,3190.47,154371954.0,Tencent qfq daily kline
2024-01-25,沪深300,3274.34,3342.92,3344.24,3269.79,196833614.0,Tencent qfq daily kline
2024-01-26,沪深300,3326.65,3333.82,3351.97,3315.13,180664005.0,Tencent qfq daily kline
2024-01-29,沪深300,3335.39,3303.96,3351.37,3303.96,184164795.0,Tencent qfq daily kline
2024-01-30,沪深300,3283.9,3245.04,3300.2,3244.97,143649350.0,Tencent qfq daily kline
2024-01-31,沪深300,3231.54,3215.35,3252.15,3201.93,153143469.0,Tencent qfq daily kline
2024-02-01,沪深300,3202.26,3217.71,3251.76,3191.9,145516792.0,Tencent qfq daily kline
2024-02-02,沪深300,3219.87,3179.63,3235.41,3108.35,173758089.0,Tencent qfq daily kline
2024-02-05,沪深300,3164.25,3200.42,3233.85,3111.52,203042970.0,Tencent qfq daily kline
2024-02-06,沪深300,3185.25,3311.69,3314.51,3182.82,202713099.0,Tencent qfq daily kline
2024-02-07,沪深300,3314.03,3343.63,3343.63,3289.67,216647933.0,Tencent qfq daily kline
2024-02-08,沪深300,3351.41,3364.93,3367.21,3336.98,189977578.0,Tencent qfq daily kline
2024-02-19,沪深300,3393.19,3403.81,3403.81,3364.14,183319800.0,Tencent qfq daily kline
2024-02-20,沪深300,3395.19,3410.85,3415.89,3380.1,140734581.0,Tencent qfq daily kline
2024-02-21,沪深300,3390.36,3456.87,3500.13,3383.69,188879362.0,Tencent qfq daily kline
2024-02-22,沪深300,3450.35,3486.67,3486.68,3448.41,141020784.0,Tencent qfq daily kline
2024-02-23,沪深300,3491.34,3489.74,3507.56,3472.97,144821273.0,Tencent qfq daily kline
2024-02-26,沪深300,3485.54,3453.36,3492.61,3445.39,151248331.0,Tencent qfq daily kline
2024-02-27,沪深300,3440.05,3494.79,3494.79,3437.44,139528246.0,Tencent qfq daily kline
2024-02-28,沪深300,3499.83,3450.26,3521.66,3450.26,189837548.0,Tencent qfq daily kline
2024-02-29,沪深300,3437.9,3516.08,3516.08,3437.9,155944532.0,Tencent qfq daily kline
2024-03-01,沪深300,3515.06,3537.8,3544.36,3503.46,162709570.0,Tencent qfq daily kline
2024-03-04,沪深300,3538.37,3540.87,3548.69,3519.76,163244613.0,Tencent qfq daily kline
2024-03-05,沪深300,3524.96,3565.51,3570.69,3519.08,166422389.0,Tencent qfq daily kline
2024-03-06,沪深300,3556.53,3551.05,3577.39,3545.1,143076613.0,Tencent qfq daily kline
2024-03-07,沪深300,3548.1,3529.72,3569.92,3522.9,148110510.0,Tencent qfq daily kline
2024-03-08,沪深300,3529.55,3544.91,3548.51,3511.58,125792664.0,Tencent qfq daily kline
2024-03-11,沪深300,3545.94,3589.26,3589.26,3542.28,148202825.0,Tencent qfq daily kline
2024-03-12,沪深300,3592.58,3597.49,3605.7,3574.21,180685560.0,Tencent qfq daily kline
2024-03-13,沪深300,3594.42,3572.36,3594.42,3563.37,144590590.0,Tencent qfq daily kline
2024-03-14,沪深300,3571.79,3562.22,3597.46,3545.61,140962722.0,Tencent qfq daily kline
2024-03-15,沪深300,3554.91,3569.99,3572.81,3533.68,138316044.0,Tencent qfq daily kline
2024-03-18,沪深300,3577.06,3603.53,3604.05,3573.4,160379438.0,Tencent qfq daily kline
2024-03-19,沪深300,3593.34,3577.63,3610.74,3577.19,145571786.0,Tencent qfq daily kline
2024-03-20,沪深300,3568.72,3585.38,3589.55,3568.43,129528966.0,Tencent qfq daily kline
2024-03-21,沪深300,3593.07,3581.09,3601.11,3575.03,130743377.0,Tencent qfq daily kline
2024-03-22,沪深300,3571.27,3545.0,3575.72,3522.84,139227358.0,Tencent qfq daily kline
2024-03-25,沪深300,3536.71,3525.76,3564.96,3525.76,137015724.0,Tencent qfq daily kline
2024-03-26,沪深300,3526.68,3543.75,3547.65,3518.6,126209535.0,Tencent qfq daily kline
2024-03-27,沪深300,3538.72,3502.79,3542.96,3502.79,128626763.0,Tencent qfq daily kline
2024-03-28,沪深300,3498.48,3520.96,3551.21,3489.39,143334717.0,Tencent qfq daily kline
2024-03-29,沪深300,3516.88,3537.48,3538.24,3516.88,128643290.0,Tencent qfq daily kline
2024-04-01,沪深300,3551.58,3595.65,3600.92,3551.58,162776561.0,Tencent qfq daily kline
2024-04-02,沪深300,3593.22,3580.68,3596.19,3568.75,141272972.0,Tencent qfq daily kline
2024-04-03,沪深300,3578.68,3567.8,3582.43,3558.87,135592331.0,Tencent qfq daily kline
2024-04-08,沪深300,3553.56,3536.41,3567.82,3535.77,155304283.0,Tencent qfq daily kline
2024-04-09,沪深300,3533.38,3533.49,3543.71,3518.86,129670942.0,Tencent qfq daily kline
2024-04-10,沪深300,3528.97,3504.71,3531.23,3490.05,128790274.0,Tencent qfq daily kline
2024-04-11,沪深300,3485.03,3504.24,3520.59,3484.93,126534395.0,Tencent qfq daily kline
2024-04-12,沪深300,3505.75,3475.84,3516.7,3470.06,128921116.0,Tencent qfq daily kline
2024-04-15,沪深300,3473.5,3549.08,3552.41,3473.5,183941250.0,Tencent qfq daily kline
2024-04-16,沪深300,3533.36,3511.11,3545.5,3503.62,176153065.0,Tencent qfq daily kline
2024-04-17,沪深300,3509.13,3565.4,3565.94,3498.03,168466398.0,Tencent qfq daily kline
2024-04-18,沪深300,3550.56,3569.8,3602.79,3547.6,178574105.0,Tencent qfq daily kline
2024-04-19,沪深300,3550.61,3541.66,3560.95,3529.32,147281505.0,Tencent qfq daily kline
2024-04-22,沪深300,3536.18,3530.9,3558.16,3528.02,150579042.0,Tencent qfq daily kline
2024-04-23,沪深300,3525.67,3506.22,3533.76,3499.98,143113504.0,Tencent qfq daily kline
2024-04-24,沪深300,3514.01,3521.62,3524.54,3495.65,121739851.0,Tencent qfq daily kline
2024-04-25,沪深300,3510.64,3530.28,3543.97,3505.2,115187722.0,Tencent qfq daily kline
2024-04-26,沪深300,3531.96,3584.27,3588.4,3531.96,197216133.0,Tencent qfq daily kline
2024-04-29,沪深300,3584.54,3623.91,3645.82,3578.76,222721381.0,Tencent qfq daily kline
2024-04-30,沪深300,3619.26,3604.39,3630.71,3604.39,191296899.0,Tencent qfq daily kline
2024-05-06,沪深300,3654.05,3657.88,3668.26,3645.74,208018007.0,Tencent qfq daily kline
2024-05-07,沪深300,3657.0,3659.01,3665.68,3648.38,164834286.0,Tencent qfq daily kline
2024-05-08,沪深300,3650.75,3630.22,3650.94,3628.7,130035336.0,Tencent qfq daily kline
2024-05-09,沪深300,3630.41,3664.56,3669.76,3630.41,146559017.0,Tencent qfq daily kline
2024-05-10,沪深300,3669.09,3666.28,3674.61,3641.76,150720536.0,Tencent qfq daily kline
2024-05-13,沪深300,3646.35,3664.69,3673.62,3634.6,157267455.0,Tencent qfq daily kline
2024-05-14,沪深300,3668.23,3657.05,3675.78,3646.71,133406490.0,Tencent qfq daily kline
2024-05-15,沪深300,3651.05,3626.06,3656.53,3624.0,123522764.0,Tencent qfq daily kline
2024-05-16,沪深300,3636.6,3640.36,3657.48,3626.33,154630503.0,Tencent qfq daily kline
2024-05-17,沪深300,3638.56,3677.97,3677.97,3627.45,164570417.0,Tencent qfq daily kline
2024-05-20,沪深300,3682.06,3690.96,3703.03,3677.44,184609423.0,Tencent qfq daily kline
2024-05-21,沪深300,3682.29,3676.16,3684.61,3665.15,130678283.0,Tencent qfq daily kline
2024-05-22,沪深300,3675.65,3684.45,3691.88,3667.09,151914605.0,Tencent qfq daily kline
2024-05-23,沪深300,3672.84,3641.79,3674.37,3633.51,142572990.0,Tencent qfq daily kline
2024-05-24,沪深300,3630.83,3601.48,3650.87,3599.67,124791177.0,Tencent qfq daily kline
2024-05-27,沪深300,3606.65,3635.71,3638.15,3603.71,131272644.0,Tencent qfq daily kline
2024-05-28,沪深300,3633.25,3609.17,3638.97,3605.92,123532238.0,Tencent qfq daily kline
2024-05-29,沪深300,3609.07,3613.52,3633.2,3602.82,115906321.0,Tencent qfq daily kline
2024-05-30,沪深300,3607.05,3594.31,3624.04,3586.75,122602995.0,Tencent qfq daily kline
2024-05-31,沪深300,3599.82,3579.92,3614.64,3579.92,112462019.0,Tencent qfq daily kline
2024-06-03,沪深300,3577.38,3588.75,3600.6,3567.87,141054591.0,Tencent qfq daily kline
2024-06-04,沪深300,3583.81,3615.67,3622.5,3580.28,124545096.0,Tencent qfq daily kline
2024-06-05,沪深300,3610.36,3594.79,3623.32,3594.11,110906766.0,Tencent qfq daily kline
2024-06-06,沪深300,3602.16,3592.25,3625.01,3584.17,137893517.0,Tencent qfq daily kline
2024-06-07,沪深300,3594.63,3574.11,3603.07,3552.09,131103026.0,Tencent qfq daily kline
2024-06-11,沪深300,3555.82,3542.88,3565.31,3525.89,134522306.0,Tencent qfq daily kline
2024-06-12,沪深300,3539.09,3544.12,3551.17,3531.57,122813729.0,Tencent qfq daily kline
2024-06-13,沪深300,3548.22,3526.13,3551.08,3520.18,123245462.0,Tencent qfq daily kline
2024-06-14,沪深300,3514.8,3541.53,3547.15,3503.52,171516942.0,Tencent qfq daily kline
2024-06-17,沪深300,3521.44,3536.2,3540.79,3520.74,137433438.0,Tencent qfq daily kline
2024-06-18,沪深300,3533.49,3545.59,3551.71,3532.78,123671838.0,Tencent qfq daily kline
2024-06-19,沪深300,3543.36,3528.75,3543.36,3524.84,106642797.0,Tencent qfq daily kline
2024-06-20,沪深300,3525.17,3503.28,3533.99,3500.13,111617396.0,Tencent qfq daily kline
2024-06-21,沪深300,3496.34,3495.62,3505.51,3473.83,109186615.0,Tencent qfq daily kline
2024-06-24,沪深300,3473.64,3476.81,3505.78,3471.22,117990184.0,Tencent qfq daily kline
2024-06-25,沪深300,3475.16,3457.9,3483.22,3440.65,118448118.0,Tencent qfq daily kline
2024-06-26,沪深300,3451.54,3480.26,3487.4,3442.3,105898861.0,Tencent qfq daily kline
2024-06-27,沪深300,3467.29,3454.12,3471.14,3452.58,114918101.0,Tencent qfq daily kline
2024-06-28,沪深300,3443.67,3461.66,3484.68,3443.67,135409153.0,Tencent qfq daily kline
2024-07-01,沪深300,3458.26,3478.18,3479.95,3443.81,121829770.0,Tencent qfq daily kline
2024-07-02,沪深300,3472.45,3471.79,3488.32,3464.52,121650121.0,Tencent qfq daily kline
2024-07-03,沪深300,3471.56,3463.41,3478.7,3454.99,103857108.0,Tencent qfq daily kline
2024-07-04,沪深300,3468.3,3445.81,3483.31,3444.93,104429909.0,Tencent qfq daily kline
2024-07-05,沪深300,3443.36,3431.06,3451.04,3399.67,116609659.0,Tencent qfq daily kline
2024-07-08,沪深300,3420.8,3401.76,3428.04,3395.91,115528218.0,Tencent qfq daily kline
2024-07-09,沪深300,3396.8,3439.81,3448.93,3384.81,131629443.0,Tencent qfq daily kline
2024-07-10,沪深300,3425.88,3428.97,3447.51,3423.65,127203456.0,Tencent qfq daily kline
2024-07-11,沪深300,3451.04,3468.17,3473.98,3438.12,145892466.0,Tencent qfq daily kline
2024-07-12,沪深300,3459.96,3472.4,3479.1,3457.36,130874589.0,Tencent qfq daily kline
2024-07-15,沪深300,3462.61,3476.25,3481.46,3460.79,118517083.0,Tencent qfq daily kline
2024-07-16,沪深300,3466.85,3498.28,3500.29,3464.37,120659017.0,Tencent qfq daily kline
2024-07-17,沪深300,3494.21,3501.58,3514.48,3486.22,131802062.0,Tencent qfq daily kline
2024-07-18,沪深300,3483.3,3520.93,3522.8,3475.72,123768199.0,Tencent qfq daily kline
2024-07-19,沪深300,3500.81,3539.02,3545.34,3493.07,132447975.0,Tencent qfq daily kline
2024-07-22,沪深300,3538.4,3514.92,3540.19,3494.01,132126337.0,Tencent qfq daily kline
2024-07-23,沪深300,3509.79,3439.88,3509.79,3439.88,128897660.0,Tencent qfq daily kline
2024-07-24,沪深300,3432.35,3418.17,3451.42,3408.41,127036263.0,Tencent qfq daily kline
2024-07-25,沪深300,3404.61,3399.27,3415.86,3383.8,131022242.0,Tencent qfq daily kline
2024-07-26,沪深300,3403.71,3409.29,3420.82,3388.66,124195558.0,Tencent qfq daily kline
2024-07-29,沪深300,3404.37,3390.74,3408.5,3388.84,109787786.0,Tencent qfq daily kline
2024-07-30,沪深300,3380.69,3369.38,3380.69,3352.8,104952164.0,Tencent qfq daily kline
2024-07-31,沪深300,3364.03,3442.08,3445.0,3364.03,171959177.0,Tencent qfq daily kline
2024-08-01,沪深300,3443.14,3419.27,3448.34,3419.19,136323464.0,Tencent qfq daily kline
2024-08-02,沪深300,3393.92,3384.39,3419.1,3380.96,116615255.0,Tencent qfq daily kline
2024-08-05,沪深300,3362.11,3343.32,3409.03,3343.32,142812516.0,Tencent qfq daily kline
2024-08-06,沪深300,3367.35,3342.98,3376.8,3318.63,119340279.0,Tencent qfq daily kline
2024-08-07,沪深300,3338.59,3341.49,3362.38,3329.97,95084377.0,Tencent qfq daily kline
2024-08-08,沪深300,3332.43,3342.94,3364.79,3320.84,92495695.0,Tencent qfq daily kline
2024-08-09,沪深300,3358.13,3331.63,3366.67,3331.63,91511626.0,Tencent qfq daily kline
2024-08-12,沪深300,3327.56,3325.86,3338.08,3319.89,79938754.0,Tencent qfq daily kline
2024-08-13,沪深300,3328.01,3334.39,3335.01,3310.19,84489679.0,Tencent qfq daily kline
2024-08-14,沪深300,3332.79,3309.24,3332.79,3309.1,78742407.0,Tencent qfq daily kline
2024-08-15,沪深300,3301.45,3341.95,3356.76,3297.97,104766399.0,Tencent qfq daily kline
2024-08-16,沪深300,3342.03,3345.63,3356.91,3335.62,96519083.0,Tencent qfq daily kline
2024-08-19,沪深300,3344.26,3356.97,3375.96,3343.71,105571110.0,Tencent qfq daily kline
2024-08-20,沪深300,3361.64,3332.7,3362.33,3321.64,101668331.0,Tencent qfq daily kline
2024-08-21,沪深300,3322.91,3321.64,3339.44,3307.99,89954751.0,Tencent qfq daily kline
2024-08-22,沪深300,3322.87,3313.14,3327.7,3305.25,100366504.0,Tencent qfq daily kline
2024-08-23,沪深300,3305.93,3327.19,3336.24,3305.64,89525774.0,Tencent qfq daily kline
2024-08-26,沪深300,3330.72,3324.22,3336.53,3311.57,93990772.0,Tencent qfq daily kline
2024-08-27,沪深300,3315.69,3305.33,3320.57,3299.56,95808157.0,Tencent qfq daily kline
2024-08-28,沪深300,3298.91,3286.5,3305.35,3274.59,92696650.0,Tencent qfq daily kline
2024-08-29,沪深300,3273.54,3277.68,3290.79,3269.53,130702333.0,Tencent qfq daily kline
2024-08-30,沪深300,3273.75,3321.43,3351.63,3273.65,188695443.0,Tencent qfq daily kline
2024-09-02,沪深300,3307.54,3265.01,3307.76,3264.76,147612353.0,Tencent qfq daily kline
2024-09-03,沪深300,3261.74,3273.43,3281.59,3261.19,122897306.0,Tencent qfq daily kline
2024-09-04,沪深300,3253.9,3252.16,3272.99,3249.98,104832482.0,Tencent qfq daily kline
2024-09-05,沪深300,3252.96,3257.76,3266.88,3247.17,97109450.0,Tencent qfq daily kline
2024-09-06,沪深300,3261.15,3231.35,3274.81,3231.07,88400417.0,Tencent qfq daily kline
2024-09-09,沪深300,3214.8,3192.95,3222.93,3180.93,108673069.0,Tencent qfq daily kline
2024-09-10,沪深300,3193.46,3195.76,3205.1,3171.79,97290078.0,Tencent qfq daily kline
2024-09-11,沪深300,3187.05,3186.13,3197.34,3174.03,102482110.0,Tencent qfq daily kline
2024-09-12,沪深300,3189.43,3172.47,3201.55,3171.88,92868657.0,Tencent qfq daily kline
2024-09-13,沪深300,3174.03,3159.25,3188.91,3159.25,88336677.0,Tencent qfq daily kline
2024-09-18,沪深300,3158.82,3171.01,3179.9,3145.79,84722814.0,Tencent qfq daily kline
2024-09-19,沪深300,3178.4,3196.04,3213.84,3149.79,125439272.0,Tencent qfq daily kline
2024-09-20,沪深300,3192.43,3201.05,3207.99,3173.22,118064098.0,Tencent qfq daily kline
2024-09-23,沪深300,3200.87,3212.76,3230.16,3198.02,95344855.0,Tencent qfq daily kline
2024-09-24,沪深300,3244.65,3351.91,3351.97,3222.49,204072217.0,Tencent qfq daily kline
2024-09-25,沪深300,3403.7,3401.53,3465.49,3393.44,241564255.0,Tencent qfq daily kline
2024-09-26,沪深300,3399.32,3545.32,3545.32,3391.68,243134010.0,Tencent qfq daily kline
2024-09-27,沪深300,3617.92,3703.68,3708.5,3596.58,265487774.0,Tencent qfq daily kline
2024-09-30,沪深300,3846.65,4017.85,4038.7,3796.5,510217707.0,Tencent qfq daily kline
2024-10-08,沪深300,4450.37,4256.1,4450.37,4094.35,589867894.0,Tencent qfq daily kline
2024-10-09,沪深300,4168.84,3955.98,4197.6,3942.51,482269295.0,Tencent qfq daily kline
2024-10-10,沪深300,3979.61,3997.79,4098.5,3912.77,395053099.0,Tencent qfq daily kline
2024-10-11,沪深300,3969.76,3887.17,3978.24,3847.12,274096505.0,Tencent qfq daily kline
2024-10-14,沪深300,3915.22,3961.34,3979.54,3868.78,307578993.0,Tencent qfq daily kline
2024-10-15,沪深300,3942.53,3855.99,3967.87,3855.99,242486448.0,Tencent qfq daily kline
2024-10-16,沪深300,3806.14,3831.59,3877.75,3805.09,218866407.0,Tencent qfq daily kline
2024-10-17,沪深300,3853.84,3788.22,3882.07,3787.75,212313820.0,Tencent qfq daily kline
2024-10-18,沪深300,3780.31,3925.23,3998.21,3765.16,312958834.0,Tencent qfq daily kline
2024-10-21,沪深300,3946.9,3935.2,3979.26,3896.17,291185634.0,Tencent qfq daily kline
2024-10-22,沪深300,3923.74,3957.78,3965.91,3917.52,223433396.0,Tencent qfq daily kline
2024-10-23,沪深300,3955.32,3973.21,4012.18,3939.1,245873949.0,Tencent qfq daily kline
2024-10-24,沪深300,3950.9,3928.83,3957.98,3914.09,174724062.0,Tencent qfq daily kline
2024-10-25,沪深300,3931.32,3956.42,3992.89,3921.94,210694885.0,Tencent qfq daily kline
2024-10-28,沪深300,3953.11,3964.16,3964.16,3917.2,216160415.0,Tencent qfq daily kline
2024-10-29,沪深300,3970.01,3924.65,3991.31,3921.58,217293984.0,Tencent qfq daily kline
2024-10-30,沪深300,3904.16,3889.45,3926.06,3864.31,219436626.0,Tencent qfq daily kline
2024-10-31,沪深300,3888.42,3891.04,3923.9,3859.11,300636718.0,Tencent qfq daily kline
2024-11-01,沪深300,3882.46,3890.02,3933.22,3879.96,307986481.0,Tencent qfq daily kline
2024-11-04,沪深300,3897.71,3944.76,3944.76,3891.21,229239060.0,Tencent qfq daily kline
2024-11-05,沪深300,3937.62,4044.57,4046.7,3925.41,316862794.0,Tencent qfq daily kline
2024-11-06,沪深300,4051.29,4024.28,4091.7,4002.5,335807938.0,Tencent qfq daily kline
2024-11-07,沪深300,3987.27,4145.7,4146.15,3984.67,341436414.0,Tencent qfq daily kline
2024-11-08,沪深300,4192.08,4104.05,4200.91,4094.16,332350385.0,Tencent qfq daily kline
2024-11-11,沪深300,4066.93,4131.13,4132.51,4048.04,289594227.0,Tencent qfq daily kline
2024-11-12,沪深300,4133.35,4085.74,4181.71,4060.79,297778086.0,Tencent qfq daily kline
2024-11-13,沪深300,4059.59,4110.89,4121.07,4059.59,240484099.0,Tencent qfq daily kline
2024-11-14,沪深300,4101.22,4039.62,4118.17,4034.94,230152784.0,Tencent qfq daily kline
2024-11-15,沪深300,4025.65,3968.83,4049.07,3968.83,247399463.0,Tencent qfq daily kline
2024-11-18,沪深300,3982.1,3950.38,4034.06,3931.19,306777946.0,Tencent qfq daily kline
2024-11-19,沪深300,3954.6,3976.89,3979.15,3896.75,242946465.0,Tencent qfq daily kline
2024-11-20,沪深300,3966.12,3985.77,4001.08,3958.34,184599372.0,Tencent qfq daily kline
2024-11-21,沪深300,3979.46,3989.3,3999.57,3966.07,166125927.0,Tencent qfq daily kline
2024-11-22,沪深300,3984.24,3865.7,3990.26,3865.7,216285809.0,Tencent qfq daily kline
2024-11-25,沪深300,3875.61,3848.09,3889.71,3812.32,190702953.0,Tencent qfq daily kline
2024-11-26,沪深300,3836.26,3840.18,3875.23,3833.28,149892441.0,Tencent qfq daily kline
2024-11-27,沪深300,3829.34,3907.04,3907.16,3817.91,174136096.0,Tencent qfq daily kline
2024-11-28,沪深300,3904.25,3872.55,3908.39,3866.01,150117291.0,Tencent qfq daily kline
2024-11-29,沪深300,3869.89,3916.58,3962.7,3869.89,187656713.0,Tencent qfq daily kline
2024-12-02,沪深300,3909.7,3947.63,3955.13,3902.17,197289784.0,Tencent qfq daily kline
2024-12-03,沪深300,3946.7,3951.89,3963.95,3922.84,182496867.0,Tencent qfq daily kline
2024-12-04,沪深300,3948.13,3930.56,3957.37,3917.75,174626318.0,Tencent qfq daily kline
2024-12-05,沪深300,3916.56,3921.59,3936.34,3910.08,138534038.0,Tencent qfq daily kline
2024-12-06,沪深300,3923.9,3973.14,3995.12,3923.9,192057907.0,Tencent qfq daily kline
2024-12-09,沪深300,3970.66,3966.57,3995.51,3948.42,175959958.0,Tencent qfq daily kline
2024-12-10,沪深300,4094.05,3995.64,4098.38,3988.97,253463795.0,Tencent qfq daily kline
2024-12-11,沪深300,3988.02,3988.83,4005.33,3977.35,177252846.0,Tencent qfq daily kline
2024-12-12,沪深300,3987.15,4028.5,4031.74,3981.35,181621777.0,Tencent qfq daily kline
2024-12-13,沪深300,4000.99,3933.18,4000.99,3931.74,230353079.0,Tencent qfq daily kline
2024-12-16,沪深300,3930.78,3911.84,3938.76,3901.65,178511251.0,Tencent qfq daily kline
2024-12-17,沪深300,3908.13,3922.03,3955.95,3908.13,160939090.0,Tencent qfq daily kline
2024-12-18,沪深300,3934.54,3941.89,3956.14,3933.97,157738321.0,Tencent qfq daily kline
2024-12-19,沪深300,3911.89,3945.46,3954.35,3899.75,161081040.0,Tencent qfq daily kline
2024-12-20,沪深300,3937.47,3927.74,3958.63,3923.26,154986496.0,Tencent qfq daily kline
2024-12-23,沪深300,3928.15,3933.57,3965.85,3928.15,190067362.0,Tencent qfq daily kline
2024-12-24,沪深300,3934.94,3983.69,3985.86,3934.73,161494589.0,Tencent qfq daily kline
2024-12-25,沪深300,3987.96,3985.63,4007.76,3969.48,159390747.0,Tencent qfq daily kline
2024-12-26,沪深300,3981.73,3987.48,3991.53,3965.55,143425286.0,Tencent qfq daily kline
2024-12-27,沪深300,3987.02,3981.03,4007.13,3970.94,169268666.0,Tencent qfq daily kline
2024-12-30,沪深300,3976.7,3999.05,4005.78,3976.7,164612485.0,Tencent qfq daily kline
2024-12-31,沪深300,3995.87,3934.91,4004.35,3934.91,183928397.0,Tencent qfq daily kline
2025-01-02,沪深300,3931.82,3820.4,3934.2,3796.34,217898724.0,Tencent qfq daily kline
2025-01-03,沪深300,3825.24,3775.16,3835.94,3767.67,175342676.0,Tencent qfq daily kline
2025-01-06,沪深300,3775.99,3768.97,3788.85,3743.07,150946670.0,Tencent qfq daily kline
2025-01-07,沪深300,3760.87,3796.11,3797.6,3749.06,146455779.0,Tencent qfq daily kline
2025-01-08,沪深300,3781.26,3789.22,3810.74,3731.19,169166968.0,Tencent qfq daily kline
2025-01-09,沪深300,3780.73,3779.88,3795.26,3768.68,129794002.0,Tencent qfq daily kline
2025-01-10,沪深300,3778.89,3732.48,3786.81,3732.48,137523171.0,Tencent qfq daily kline
2025-01-13,沪深300,3704.44,3722.51,3737.89,3704.11,136446199.0,Tencent qfq daily kline
2025-01-14,沪深300,3728.56,3820.54,3826.64,3718.88,170664657.0,Tencent qfq daily kline
2025-01-15,沪深300,3810.04,3796.03,3816.83,3790.17,141475520.0,Tencent qfq daily kline
2025-01-16,沪深300,3812.19,3800.38,3842.95,3776.29,144505871.0,Tencent qfq daily kline
2025-01-17,沪深300,3788.37,3812.34,3831.64,3780.21,126621961.0,Tencent qfq daily kline
2025-01-20,沪深300,3835.3,3829.68,3858.67,3821.98,139581277.0,Tencent qfq daily kline
2025-01-21,沪深300,3850.36,3832.61,3850.91,3817.12,141218406.0,Tencent qfq daily kline
2025-01-22,沪深300,3823.94,3797.02,3823.94,3783.14,137255062.0,Tencent qfq daily kline
2025-01-23,沪深300,3829.05,3803.74,3864.26,3801.85,180569551.0,Tencent qfq daily kline
2025-01-24,沪深300,3793.85,3832.86,3847.6,3793.48,148971722.0,Tencent qfq daily kline
2025-01-27,沪深300,3836.96,3817.08,3852.0,3817.08,146670772.0,Tencent qfq daily kline
2025-02-05,沪深300,3844.7,3795.08,3844.7,3785.16,157168308.0,Tencent qfq daily kline
2025-02-06,沪深300,3789.61,3842.83,3843.49,3788.32,167288176.0,Tencent qfq daily kline
2025-02-07,沪深300,3844.06,3892.7,3919.35,3833.87,221857707.0,Tencent qfq daily kline
2025-02-10,沪深300,3898.1,3901.06,3906.37,3878.83,188903040.0,Tencent qfq daily kline
2025-02-11,沪深300,3905.16,3883.14,3905.16,3872.91,166574909.0,Tencent qfq daily kline
2025-02-12,沪深300,3875.96,3919.86,3920.72,3867.35,164228540.0,Tencent qfq daily kline
2025-02-13,沪深300,3913.9,3905.14,3939.2,3904.98,172485874.0,Tencent qfq daily kline
2025-02-14,沪深300,3900.83,3939.01,3942.04,3900.83,172976452.0,Tencent qfq daily kline
2025-02-17,沪深300,3954.41,3947.4,3955.9,3921.7,213588246.0,Tencent qfq daily kline
2025-02-18,沪深300,3942.58,3912.78,3965.42,3901.87,209425101.0,Tencent qfq daily kline
2025-02-19,沪深300,3906.22,3940.16,3943.67,3904.15,182829517.0,Tencent qfq daily kline
2025-02-20,沪深300,3934.65,3928.9,3940.68,3916.18,163895236.0,Tencent qfq daily kline
2025-02-21,沪深300,3938.05,3978.44,3981.05,3927.79,227400330.0,Tencent qfq daily kline
2025-02-24,沪深300,3972.48,3969.72,3995.95,3949.23,220810618.0,Tencent qfq daily kline
2025-02-25,沪深300,3933.64,3925.65,3955.43,3915.65,178108580.0,Tencent qfq daily kline
2025-02-26,沪深300,3931.84,3959.94,3960.33,3925.37,191062501.0,Tencent qfq daily kline
2025-02-27,沪深300,3961.06,3968.12,3973.93,3933.46,202887963.0,Tencent qfq daily kline
2025-02-28,沪深300,3950.19,3890.05,3972.48,3886.4,198104147.0,Tencent qfq daily kline
2025-03-03,沪深300,3899.7,3888.47,3930.0,3872.59,177623166.0,Tencent qfq daily kline
2025-03-04,沪深300,3865.99,3885.22,3890.42,3855.73,149850967.0,Tencent qfq daily kline
2025-03-05,沪深300,3887.8,3902.57,3906.42,3877.02,158652751.0,Tencent qfq daily kline
2025-03-06,沪深300,3923.38,3956.24,3964.49,3917.08,193960915.0,Tencent qfq daily kline
2025-03-07,沪深300,3944.91,3944.01,3967.07,3935.05,166732375.0,Tencent qfq daily kline
2025-03-10,沪深300,3945.58,3928.8,3949.14,3905.13,152765232.0,Tencent qfq daily kline
2025-03-11,沪深300,3890.43,3941.42,3941.42,3889.43,144754402.0,Tencent qfq daily kline
2025-03-12,沪深300,3946.86,3927.23,3953.61,3921.47,156732190.0,Tencent qfq daily kline
2025-03-13,沪深300,3925.74,3911.58,3939.29,3897.38,156536443.0,Tencent qfq daily kline
2025-03-14,沪深300,3919.62,4006.56,4014.16,3919.62,216139003.0,Tencent qfq daily kline
2025-03-17,沪深300,4020.64,3996.79,4021.73,3992.26,162202911.0,Tencent qfq daily kline
2025-03-18,沪深300,4011.78,4007.72,4016.87,3995.96,140208496.0,Tencent qfq daily kline
2025-03-19,沪深300,4004.83,4010.17,4025.3,3989.51,144419428.0,Tencent qfq daily kline
2025-03-20,沪深300,4011.06,3974.99,4012.04,3969.93,133754670.0,Tencent qfq daily kline
2025-03-21,沪深300,3966.51,3914.7,3983.15,3904.77,165905294.0,Tencent qfq daily kline
2025-03-24,沪深300,3916.11,3934.85,3938.18,3907.2,152234674.0,Tencent qfq daily kline
2025-03-25,沪深300,3937.9,3932.3,3946.36,3921.53,140475399.0,Tencent qfq daily kline
2025-03-26,沪深300,3930.21,3919.36,3942.03,3916.86,131164187.0,Tencent qfq daily kline
2025-03-27,沪深300,3911.38,3932.41,3952.99,3903.65,126793738.0,Tencent qfq daily kline
2025-03-28,沪深300,3930.78,3915.17,3934.23,3907.38,126356214.0,Tencent qfq daily kline
2025-03-31,沪深300,3905.98,3887.31,3928.45,3872.4,166798523.0,Tencent qfq daily kline
2025-04-01,沪深300,3892.78,3887.68,3905.26,3882.4,140380274.0,Tencent qfq daily kline
2025-04-02,沪深300,3884.42,3884.39,3900.49,3877.16,113043175.0,Tencent qfq daily kline
2025-04-03,沪深300,3843.42,3861.5,3883.7,3843.42,142599789.0,Tencent qfq daily kline
2025-04-07,沪深300,3675.2,3589.44,3707.78,3514.12,312578586.0,Tencent qfq daily kline
2025-04-08,沪深300,3597.99,3650.76,3650.76,3583.87,280197312.0,Tencent qfq daily kline
2025-04-09,沪深300,3606.1,3686.79,3686.79,3587.34,262305708.0,Tencent qfq daily kline
2025-04-10,沪深300,3749.13,3735.12,3756.14,3708.82,227252227.0,Tencent qfq daily kline
2025-04-11,沪深300,3730.31,3750.52,3762.37,3708.46,168759691.0,Tencent qfq daily kline
2025-04-14,沪深300,3772.04,3759.14,3776.63,3754.03,164462403.0,Tencent qfq daily kline
2025-04-15,沪深300,3756.48,3761.23,3764.49,3737.85,134006040.0,Tencent qfq daily kline
2025-04-16,沪深300,3757.88,3772.82,3775.17,3721.6,156359006.0,Tencent qfq daily kline
2025-04-17,沪深300,3755.09,3772.22,3779.13,3749.5,122371002.0,Tencent qfq daily kline
2025-04-18,沪深300,3760.04,3772.52,3782.04,3754.41,102948509.0,Tencent qfq daily kline
2025-04-21,沪深300,3768.14,3784.88,3790.18,3763.14,121355730.0,Tencent qfq daily kline
2025-04-22,沪深300,3780.11,3783.95,3799.23,3778.08,125688257.0,Tencent qfq daily kline
2025-04-23,沪深300,3803.43,3786.88,3807.95,3780.52,131986870.0,Tencent qfq daily kline
2025-04-24,沪深300,3787.46,3784.36,3807.26,3775.21,117164560.0,Tencent qfq daily kline
2025-04-25,沪深300,3792.08,3786.99,3801.58,3780.78,124591133.0,Tencent qfq daily kline
2025-04-28,沪深300,3786.39,3781.62,3792.01,3772.8,125145091.0,Tencent qfq daily kline
2025-04-29,沪深300,3776.0,3775.08,3785.32,3768.03,111514694.0,Tencent qfq daily kline
2025-04-30,沪深300,3775.83,3770.57,3787.56,3768.76,143681658.0,Tencent qfq daily kline
2025-05-06,沪深300,3794.38,3808.54,3809.09,3782.78,158520459.0,Tencent qfq daily kline
2025-05-07,沪深300,3861.58,3831.63,3863.68,3814.99,161172299.0,Tencent qfq daily kline
2025-05-08,沪深300,3820.55,3852.9,3867.33,3816.26,124959833.0,Tencent qfq daily kline
2025-05-09,沪深300,3848.62,3846.16,3853.66,3836.53,119389526.0,Tencent qfq daily kline
2025-05-12,沪深300,3866.53,3890.61,3890.73,3859.03,153332460.0,Tencent qfq daily kline
2025-05-13,沪深300,3915.59,3896.26,3915.59,3890.69,147320299.0,Tencent qfq daily kline
2025-05-14,沪深300,3894.84,3943.21,3960.52,3890.65,172033779.0,Tencent qfq daily kline
2025-05-15,沪深300,3934.03,3907.2,3936.47,3904.91,138081749.0,Tencent qfq daily kline
2025-05-16,沪深300,3898.67,3889.09,3903.85,3874.86,118405345.0,Tencent qfq daily kline
2025-05-19,沪深300,3882.57,3877.15,3885.59,3866.57,98643414.0,Tencent qfq daily kline
2025-05-20,沪深300,3883.1,3898.17,3911.47,3881.74,104885234.0,Tencent qfq daily kline
2025-05-21,沪深300,3899.44,3916.38,3928.63,3899.44,109791343.0,Tencent qfq daily kline
2025-05-22,沪深300,3912.6,3913.87,3923.02,3903.09,107597052.0,Tencent qfq daily kline
2025-05-23,沪深300,3910.37,3882.27,3931.55,3882.27,120277419.0,Tencent qfq daily kline
2025-05-26,沪深300,3875.79,3860.11,3884.54,3849.04,109601207.0,Tencent qfq daily kline
2025-05-27,沪深300,3857.63,3839.4,3865.43,3834.85,98572425.0,Tencent qfq daily kline
2025-05-28,沪深300,3843.07,3836.24,3849.74,3833.96,89031026.0,Tencent qfq daily kline
2025-05-29,沪深300,3838.01,3858.7,3869.79,3831.46,108471886.0,Tencent qfq daily kline
2025-05-30,沪深300,3850.49,3840.23,3858.61,3829.25,111672228.0,Tencent qfq daily kline
